{"cameraMode":{"drawMode":0,"name":"Shaded","section":"Shading Mode"},"sceneLighting":false,"audioPlay":false,"sceneViewState":{"showFog":false,"showMaterialUpdate":false,"showSkybox":false,"showFlares":true,"showImageEffects":true,"showParticleSystems":true},"in2DMode":false,"pivot":{"x":-0.0463775098323822,"y":2.9125044345855715,"z":0.1391768455505371},"rotation":{"x":-0.07065387070178986,"y":0.5445424914360046,"z":-0.04582999274134636,"w":-0.8345763683319092},"size":1.426499366760254,"orthographic":false}