{"cameraMode":{"drawMode":0,"name":"Shaded","section":"Shading Mode"},"sceneLighting":false,"audioPlay":false,"sceneViewState":{"showFog":true,"showMaterialUpdate":false,"showSkybox":false,"showFlares":true,"showImageEffects":true,"showParticleSystems":true},"in2DMode":false,"pivot":{"x":4.934999942779541,"y":1.8919999599456788,"z":37.02638626098633},"rotation":{"x":-0.09153109788894654,"y":0.25489258766174319,"z":-0.024176759645342828,"w":-0.9623450636863709},"size":2.8578836917877199,"orthographic":false}