{"cameraMode":{"drawMode":0,"name":"Shaded","section":"Shading Mode"},"sceneLighting":true,"audioPlay":false,"sceneViewState":{"showFog":true,"showMaterialUpdate":false,"showSkybox":true,"showFlares":true,"showImageEffects":true,"showParticleSystems":true},"in2DMode":false,"pivot":{"x":44.16462707519531,"y":-51.791160583496097,"z":-165.7490997314453},"rotation":{"x":0.021335352212190629,"y":0.9782906770706177,"z":-0.1616935282945633,"w":0.12870097160339356},"size":226.9636993408203,"orthographic":false}